{
    "music_disc.cat": {
        "replace": true,
        "sounds": [
            {
                "name": "records/黑喂狗",
                "volume": 0.3,
                "pitch": 1.0,
                "weight": 1,
                "stream": true,
                "preload": true,
                "type": "file"
            }
        ]
    }
"music_disc.otherside": {
        "replace": true,
        "sounds": [
            {
                "name": "records/RISE",
                "volume": 0.3,
                "pitch": 1.0,
                "weight": 1,
                "stream": true,
                "preload": true,
                "type": "file"
            }
        ]
    }
"music_Pigstep": {
        "replace": true,
        "sounds": [
            {
                "name": "records/穷开挂",
                "volume": 0.3,
                "pitch": 1.0,
                "weight": 1,
                "stream": true,
                "preload": true,
                "type": "file"
            }
        ]
    }
}